AD-BOX.OR.JP                    AD-BOX.NE.JP
AFT.OR.JP                       AFT.NE.JP
AGSNET.OR.JP                    AGS.NE.JP
AIANET.OR.JP                    AIANET.NE.JP
AICHINET.OR.JP                  AICHINET.NE.JP
AIE.OR.JP                       AIE.NE.JP
AIMNET.OR.JP                    AIMNET.NE.JP
AIRNET.OR.JP                    AIRNET.NE.JP
AKINA.OR.JP                     AKINA.NE.JP
ALATO.OR.JP                     ALATO.NE.JP
ALP.OR.JP                       ALP.NE.JP
ALPHA-NET.OR.JP                 ALPHA-NET.NE.JP
ALPHA-WEB.OR.JP                 ALPHA-WEB.NE.JP
FURANO.OR.JP                    FURANO.NE.JP
ANX.OR.JP                       ANNEXIS.NE.JP
AOI-NET.OR.JP                   AOI.NE.JP
APR-NET.OR.JP                   APRIL.NE.JP
ARKNET.OR.JP                    ARKNET.NE.JP
ASA-NET.OR.JP                   ASA.NE.JP
ASAKANET.OR.JP                  ASAKA.NE.JP
ATI.OR.JP                       ATI.NE.JP
ATTNET.OR.JP                    ATT.NE.JP
AUN.OR.JP                       AUN.NE.JP
AVISNET.OR.JP                   AVIS.NE.JP
AZN.OR.JP                       AZN.NE.JP
BAYCITY.OR.JP                   BAYCITY.NE.JP
BAYWELL.OR.JP                   BAYWELL.NE.JP
BEKKOAME.OR.JP                  BEKKOAME.NE.JP
BIGLOBE.OR.JP                   BIGLOBE.NE.JP
BLUEWAVE.OR.JP                  BLUEWAVE.NE.JP
BNN-NET.OR.JP                   NETJOY.NE.JP
BSSNET.OR.JP                    BSS.NE.JP
RWEB.OR.JP                      RWEB.NE.JP
C-5.OR.JP                       C-5.NE.JP
C-D-K.OR.JP                     C-D-K.NE.JP
CAFEYOKOHAMA.OR.JP              CAFEYOKOHAMA.NE.JP
CALMNET.OR.JP                   CALMNET.NE.JP
CHACHACHA.OR.JP                 CHACHACHA.NE.JP
CLIO.OR.JP                      CLIO.NE.JP
CNET-SC.OR.JP                   CNET-SC.NE.JP
CNET.OR.JP                      CNET.NE.JP
COCONET.OR.JP                   COCONET.NE.JP
CODA.OR.JP                      CODA.NE.JP
COMCONET.OR.JP                  COMCO.NE.JP
COMLINK.OR.JP                   COMLINK.NE.JP
COSMOSNET.OR.JP                 COSMOS.NE.JP
CPLAZA.OR.JP                    CPLAZA.NE.JP
DAIICHI-NET.OR.JP               ENJOY.NE.JP
DANGO.OR.JP                     DANGO.NE.JP
DOHNET.OR.JP                    DOH.NE.JP
DOKIDOKI.OR.JP                  DOKIDOKI.NE.JP
DTINET.OR.JP                    DTI.NE.JP
EARTHCAPE.OR.JP                 EARTHCAPE.NE.JP
EIS.OR.JP                       EIS.NE.JP
ELEXNET.OR.JP                   ELEXNET.NE.JP
EXAS.OR.JP                      EXAS.NE.JP
EXE.OR.JP                       EXE.NE.JP
FAN.OR.JP                       FAN.NE.JP
FIN.OR.JP                       FIN.NE.JP
FIRNET.OR.JP                    FIRNET.NE.JP
GALLERY.OR.JP                   GALLERY.NE.JP
GANSEKI.OR.JP                   GANSEKI.NE.JP
GINGINNET.OR.JP                 GINGIN.NE.JP
GINZADO-NET.OR.JP               GINZADO.NE.JP
GNS.OR.JP                       GNS.NE.JP
GWS.OR.JP                       GWS.NE.JP
HABI.OR.JP                      HABI.NE.JP
HAPPY.OR.JP                     HAPPY.NE.JP
HARENET.OR.JP                   HARENET.NE.JP
HAWAII.OR.JP                    HAWAII.NE.JP
HERONET.OR.JP                   HERONET.NE.JP
HI-HO.OR.JP                     HI-HO.NE.JP
HI-NET.OR.JP                    HI-NET.NE.JP
HIGHWAY.OR.JP                   HIGHWAY.NE.JP
HKR.OR.JP                       HKR.NE.JP
HOKURIKU.OR.JP                  HOKURIKU.NE.JP
HT-NET21.OR.JP                  HT-NET21.NE.JP
HUM.OR.JP                       HUM.NE.JP
HYPERTOWN.OR.JP                 HYPERTOWN.NE.JP
IACNET.OR.JP                    IACNET.NE.JP
INCL.OR.JP                      INCL.NE.JP
INFOAOMORI.OR.JP                INFOAOMORI.NE.JP
INFOBEARS.OR.JP                 INFOBEARS.NE.JP
INFOEDDY.OR.JP                  INFOEDDY.NE.JP
INFOIBIS.OR.JP                  INFOIBIS.NE.JP
INFOKANTO.OR.JP                 INFOKANTO.NE.JP
INFOMADONNA.OR.JP               INFOMADONNA.NE.JP
INFONIA.OR.JP                   INFONIA.NE.JP
INFOPEPPER.OR.JP                PEP.NE.JP
INFORYUKYU.OR.JP                RYUKYU.NE.JP
INFOSAKYU.OR.JP                 INFOSAKYU.NE.JP
INFOSNOW.OR.JP                  INFOSNOW.NE.JP
INFOTERA.OR.JP                  INFOTERA.NE.JP
INFOWEB.OR.JP                   INFOWEB.NE.JP
INT21NET.OR.JP                  INT21.NE.JP
INTACC.OR.JP                    INTACC.NE.JP
TINET-I.OR.JP                   TINET-I.NE.JP
INTERMIX.OR.JP                  INTERMIX.NE.JP
IOSNET.OR.JP                    IOSNET.NE.JP
IPN.OR.JP                       IPN.NE.JP
ISOP.OR.JP                      ISOP.NE.JP
ITJITNET.OR.JP                  ITJIT.NE.JP
J-LINK.OR.JP                    J-LINK.NE.JP
JAH.OR.JP                       JAH.NE.JP
JAPAN-NET.OR.JP                 JAPAN-NET.NE.JP
JCSNET.OR.JP                    JCS.NE.JP
JOIN-AM.OR.JP                   JOIN-AM.NE.JP
JOY.OR.JP                       JOY.NE.JP
JPLANET.OR.JP                   PLANET.NE.JP
JRNET.OR.JP                     JRNET.NE.JP
JUSTNET.OR.JP                   JUSTNET.NE.JP
KANAZAWA-NET.OR.JP              KANAZAWA-NET.NE.JP
KANNET.OR.JP                    KANNET.NE.JP
KCMC.OR.JP                      KMC.NE.JP
KCOM.OR.JP                      KCOM.NE.JP
KEIHANNET.OR.JP                 KEIHANNET.NE.JP
KEY.OR.JP                       KEY.NE.JP
KIDSNET.OR.JP                   KIDSNET.NE.JP
KIS-NET.OR.JP                   KIS-NET.NE.JP
KITOKITONET.OR.JP               KITOKITONET.NE.JP
KOGANET.OR.JP                   KOGANET.NE.JP
KTROAD.OR.JP                    KTROAD.NE.JP
KULAWANKA.OR.JP                 KULAWANKA.NE.JP
KUWANA.OR.JP                    KUWANA.NE.JP
LAB-BITS.OR.JP                  LAB-BITS.NE.JP
LIONS.OR.JP                     LIONS.NE.JP
M-SURF.OR.JP                    M-SURF.NE.JP
MAHOROBA.OR.JP                  MAHOROBA.NE.JP
MATSUSAKA.OR.JP                 MATSUSAKA.NE.JP
MBNET.OR.JP                     MBIRD.NE.JP
MEDIAWARS.OR.JP                 MEDIAWARS.NE.JP
MESHNET.OR.JP                   MESH.NE.JP
MICHINOKU.OR.JP                 MICHINOKU.NE.JP
MICNET.OR.JP                    MICNET.NE.JP
MINC.OR.JP                      MINC.NE.JP
MIRAI.OR.JP                     MIRAI.NE.JP
MIS.OR.JP                       MIS.NE.JP
MNET.OR.JP                      MNET.NE.JP
MTCI.OR.JP                      MTCI.NE.JP
NAVI.OR.JP                      NAVI.NE.JP
NDSNET.OR.JP                    NDSNET.NE.JP
NET-WAVE.OR.JP                  NET-WAVE.NE.JP
NET117.OR.JP                    117.NE.JP
NET88.OR.JP                     ODN.NE.JP
NETALICE.OR.JP                  NETALICE.NE.JP
NETS.OR.JP                      NETS.NE.JP
NETWEB.OR.JP                    NETWEB.NE.JP
NEXTLINK.OR.JP                  NEXTLINK.NE.JP
NKANSAI.OR.JP                   NKANSAI.NE.JP
NL-MAGMA.OR.JP                  MAGMA.NE.JP
NNET.OR.JP                      N-NET.NE.JP
NTTMAIL.OR.JP                   NTTMAIL.NE.JP
ONENET.OR.JP                    ONE.NE.JP
ONS.OR.JP                       ONS.NE.JP
ORANGE.OR.JP                    ORANGE.NE.JP
OTONET.OR.JP                    OTONET.NE.JP
OWARI.OR.JP                     OWARI.NE.JP
PARKCITYNET.OR.JP               PARKCITY.NE.JP
PARKPLACE.OR.JP                 PARKPLACE.NE.JP
PATH.OR.JP                      PATH.NE.JP
PCVAN.OR.JP                     BIGLOBE.NE.JP
PEACH.OR.JP                     PEACH.NE.JP
POPORO.OR.JP                    POPORO.NE.JP
PLANNING21.OR.JP                PLANNING21.NE.JP
PORTLAND.OR.JP                  PORTLAND.NE.JP
POTATO.OR.JP                    POTATO.NE.JP
RAIDWAY.OR.JP                   RAIDWAY.NE.JP
REALIZE.OR.JP                   REALIZE.NE.JP
SAGANET.OR.JP                   SAGANET.NE.JP
SAKAI-CITY.OR.JP                SAKAI-CITY.NE.JP
SANYNET.OR.JP                   SANYNET.NE.JP
SCAN-NET.OR.JP                  SCAN-NET.NE.JP
SEAFOLKNET.OR.JP                SEAFOLK.NE.JP
SHIKOKU.OR.JP                   SHIKOKU.NE.JP
SHIZUOKANET.OR.JP               SHIZUOKANET.NE.JP
SNET.OR.JP                      SNET.NE.JP
SNOWMAN.OR.JP                   SNOWMAN.NE.JP
SO-NET.OR.JP                    SO-NET.NE.JP
SOFTWEB.OR.JP                   SOFTWEB.NE.JP
SOHO-NET.OR.JP                  SOHO.NE.JP
SPICEROAD.OR.JP                 SPICEROAD.NE.JP
SPRITE-NET.OR.JP                SPRITE.NE.JP
STANNET.OR.JP                   STANNET.NE.JP
SUN-NET.OR.JP                   SUN-NET.NE.JP
SUNFIELD.OR.JP                  SUNFIELD.NE.JP
SUNSHINE.OR.JP                  SUNSHINE.NE.JP
SURF-LINE-SS.OR.JP              SURFLINE-SS.NE.JP
SURF-LINE.OR.JP                 SURFLINE.NE.JP
SWAN-BAY.OR.JP                  SWAN-BAY.NE.JP
SWAN.OR.JP                      SWAN.NE.JP
SYNAPNET.OR.JP                  SYNAP.NE.JP
SYNAPSE.OR.JP                   SYNAPSE.NE.JP
TECHNOW.OR.JP                   TECHNOWAVE.NE.JP
TECHNOWEB.OR.JP                 TECHNOWEB.NE.JP
TELEWAY.OR.JP                   TELEWAY.NE.JP
THREEWEBNET.OR.JP               3WEB.NE.JP
TIGERS.OR.JP                    TIGERS.NE.JP
TIP.OR.JP                       TIP.NE.JP
TN-JAPAN.OR.JP                  TN-JAPAN.NE.JP
TNS.OR.JP                       TNS.NE.JP
TOKACHI.OR.JP                   TOKACHI.NE.JP
TOPICA.OR.JP                    TOPICA.NE.JP
TWIN.OR.JP                      TWIN.NE.JP
U-NETSURF.OR.JP                 U-NETSURF.NE.JP
UNI-NET.OR.JP                   UNI-NET.NE.JP
UPUNET.OR.JP                    UPUNET.NE.JP
URBAN.OR.JP                     URBAN.NE.JP
USEN-NET.OR.JP                  USEN.NE.JP
VALLEY.OR.JP                    VALLEY.NE.JP
VUNI.OR.JP                      VUNI.NE.JP
WBS.OR.JP                       WBS.NE.JP
WEAVE.OR.JP                     WEAVE.NE.JP
WEDDING.OR.JP                   WEDDING.NE.JP
WIN.OR.JP                       WIN.NE.JP
WITHNET.OR.JP                   WITHNET.NE.JP
YAMATOGAWA.OR.JP                YAMATO.NE.JP
YESNET.OR.JP                    YESNET.NE.JP
YOMINET.OR.JP                   YOMINET.NE.JP
HATELECOM.OR.JP                 HATELECOM.NE.JP
GORILLA.OR.JP                   GORILLA.NE.JP
NIFTYSERVE.OR.JP                NIFTY.NE.JP
